[{"id":"7","template_id":null,"template":null,"parent_page_id":null,"parent_page":null,"created_by_id":"1","created_by":"Super User","name":"default","path":"default.html","page_title":"","meta_kewords":"","meta_description":"","after_body_code":"","is_template":"1","is_muted":null,"icon_class":null,"is_active":"1","order":"0","is_secure":"0","secure_only_for":null},{"id":"11","template_id":null,"template":null,"parent_page_id":null,"parent_page":null,"created_by_id":"1","created_by":"Super User","name":"dashboard","path":"dashboard.html","page_title":"","meta_kewords":"","meta_description":"","after_body_code":"","is_template":"1","is_muted":null,"icon_class":null,"is_active":"1","order":"0","is_secure":"0","secure_only_for":null},{"id":"12","template_id":null,"template":null,"parent_page_id":null,"parent_page":null,"created_by_id":"1","created_by":"Super User","name":"Empty","path":"empty.html","page_title":"","meta_kewords":"","meta_description":"","after_body_code":"","is_template":"1","is_muted":null,"icon_class":null,"is_active":"1","order":"0","is_secure":"0","secure_only_for":null},{"id":"8","template_id":"7","template":"default","parent_page_id":null,"parent_page":null,"created_by_id":"1","created_by":"Super User","name":"Home","path":"index.html","page_title":"","meta_kewords":"","meta_description":"","after_body_code":"","is_template":"0","is_muted":"0","icon_class":"","is_active":"1","order":"0","is_secure":"0","secure_only_for":""},{"id":"9","template_id":"12","template":"Empty","parent_page_id":null,"parent_page":null,"created_by_id":"1","created_by":"Super User","name":"Login","path":"login.html","page_title":"","meta_kewords":"","meta_description":"","after_body_code":"","is_template":"0","is_muted":"0","icon_class":"","is_active":"1","order":"0","is_secure":"0","secure_only_for":""},{"id":"10","template_id":"11","template":"dashboard","parent_page_id":null,"parent_page":null,"created_by_id":"1","created_by":"Super User","name":"Dashboard","path":"dashboard.html","page_title":"","meta_kewords":"","meta_description":"","after_body_code":"","is_template":"0","is_muted":"0","icon_class":"","is_active":"1","order":"0","is_secure":"1","secure_only_for":""}]